{"properties": [
  {
    "name": "eventProject.email.ticket",
    "type": "java.lang.String",
    "description": "A description for 'eventProject.email.ticket'"
  },
  {
    "name": "eventProject.disclaimer",
    "type": "java.lang.String",
    "description": "A description for 'eventProject.disclaimer'"
  },
  {
    "name": "eventProject.test.authentication.key.promoter",
    "type": "java.lang.String",
    "description": "A description for 'eventProject.test.authentication.key.promoter'"
  },
  {
    "name": "eventProject.test.authentication.key.customer",
    "type": "java.lang.String",
    "description": "A description for 'eventProject.test.authentication.key.customer'"
  },
  {
    "name": "eventProject.test.authentication.key.promoter",
    "type": "java.lang.String",
    "description": "A description for 'eventProject.test.authentication.key.promoter'"
  }
]}